"""%s"" coupon code is not valid.","""%s"" mã giảm giá không được chấp nhận."
"%s","%s"
"%s / %s rate:","%s / %s tỷ lệ:"
"%s for %s","%s for %s"
"%s order(s) cannot be canceled","%s đơn hàng(s) không thể hủy bỏ"
"%s order(s) have been canceled.","%s đơn hàng(s) đã bị hủy bỏ."
"%s order(s) have been put on hold.","%s order(s) đã được giữ lại."
"%s order(s) have been released from holding status.","%s order(s) have been released from holding status."
"%s order(s) were not put on hold.","%s order(s) were not put on hold."
"%s order(s) were not released from holding status.","%s order(s) were not released from holding status."
"* - Enter custom price excluding tax","* - Nhập giá tùy chỉnh chưa bao gồm thuế"
"* - Enter custom price including tax","* - Nhập giá tùy chỉnh bao gồm thuế"
"-- Please Select --","-- Vui lòng chọn --"
"-- Please Select Billing Agreement--","-- Vui lòng chọn hình thức thanh toán--"
"About This Order:","Về đơn hàng này:"
"About This Profile:","About This Profile:"
"About Your Invoice","Về thanh toán của bạn"
"About Your Order","Về đơn hàng của bạn"
"About Your Refund","Về hoàn trả"
"About Your Shipment","About Your Shipment"
"Accept Payment","chấp nhận thanh toán"
"Accept or Deny Payment","Chấp nhận hoặc từ chối thanh toán"
"Account Information","Thông tin tài khoản"
"Action","Hành động"
"Actions","Các hành động"
"Activate","Kích hoạt"
"Active","Hoạt động"
"Add","Thêm"
"Add New Address","Thêm địa chỉ mới"
"Add Order Comments","Thêm nhận xét đơn hàng"
"Add Package","Thêm gói"
"Add Products","Thêm sản phẩm"
"Add Selected Product(s) to Option","Thêm sản phẩm được chọn(s) để lựa chọn"
"Add Selected Product(s) to Order","Thêm sản phẩm được chọn(s) để đặt hàng"
"Add Selected Product(s) to Package","Add Selected Product(s) to Package"
"Add To Order","Thêm vào đơn hàng"
"Add Tracking Number","Add Tracking Number"
"Add comment to order","Thêm bình luận đơn hàng"
"Add new comment to credit memo","Add new comment to credit memo"
"Add new comment to shipment","Add new comment to shipment"
"Add new tracking number","Add new tracking number"
"Add to Cart","Thêm vào giỏ hàng"
"Additional Product Info","Thêm thông tin sản phẩm"
"Address","Địa chỉ"
"Address model is not defined.","Address model is not defined."
"Adjustment Fee","Adjustment Fee"
"Adjustment Refund","Adjustment Refund"
"Agreement Information","Agreement Information"
"Allow Reorder","Allow Reorder"
"Amount","Số tiền"
"Amount: %s.","Số tiền: %s."
"An error occurred while assigning order status. Status has not been assigned.","An error occurred while assigning order status. Status has not been assigned."
"An error occurred while creating shipping label.","An error occurred while creating shipping label."
"An error occurred while saving order status. The status has not been added.","An error occurred while saving order status. The status has not been added."
"An error occurred while unassigning order status.","An error occurred while unassigning order status."
"An error occurred while updating the order address. The address has not been changed.","An error occurred while updating the order address. The address has not been changed."
"An item option with code %s already exists.","An item option with code %s already exists."
"Anchor Custom Title","Anchor Custom Title"
"Append Comments","Đóng dấu nhận xét"
"Apply","Áp dụng"
"Apply Coupon Code","Áp dụng mã giảm giá"
"Approved the payment online.","Approved the payment online."
"Are you sure you want to accept this payment?","Bạn chắc chắn muốn chấp nhận chi trả này?"
"Are you sure you want to cancel this order?","Bạn có chắc bạn muốn hủy không?"
"Are you sure you want to deny this payment?","Bạn chắc chắn muốn từ chối chi trả này?"
"Are you sure you want to do this?","Bạn chắc chắn muốn làm điều này?"
"Are you sure you want to send Creditmemo email to customer?","Are you sure you want to send Creditmemo email to customer?"
"Are you sure you want to send Invoice email to customer?","Bạn chắc chắn muốn gửi email hóa đơn cho khách hàng?"
"Are you sure you want to send Shipment email to customer?","Are you sure you want to send Shipment email to customer?"
"Are you sure you want to send order email to customer?","Bạn có chắc bạn muốn gửi email đến khách hàng không ?"
"Are you sure you want to void the payment?","Are you sure you want to void the payment?"
"Are you sure?","Bạn có chắc chắn không?"
"Are you sure? This order will be canceled and a new one will be created instead","Bạn có chắc chắn? Đơn hàng này sẽ bị hủy bỏ và một cái mới sẽ được tạo ra để thay thế"
"Assign Order Status to State","Assign Order Status to State"
"Assign Status to State","Assign Status to State"
"Assignment Information","Assignment Information"
"At least a payment ID must be set.","At least a payment ID must be set."
"Authorization","Authorization"
"Authorized amount of %s.","Authorized amount of %s."
"Authorizing amount of %s is pending approval on gateway.","Authorizing amount of %s is pending approval on gateway."
"Back","Back"
"Back to Billing Agreements","Back to Billing Agreements"
"Back to My Orders","Back to My Orders"
"Back to Recurring Profiles","Back to Recurring Profiles"
"Backordered","Backordered"
"Bestsellers","Bestsellers"
"Bill to Name","Tên hóa đơn"
"Billing","Hóa đơn"
"Billing Address","Địa chỉ hóa đơn"
"Billing Agreement","chấp nhận thanh toán"
"Billing Agreement # %s","chấp nhận thanh toán # %s"
"Billing Agreement #%s","chấp nhận thanh toán #%s"
"Billing Agreement View","Billing Agreement View"
"Billing Agreements","Chấp nhận thanh toán"
"Billing Last Name","Billing Last Name"
"Billing ZIP Code","Billing ZIP Code"
"Buy %s for price %s","Mua %s for giá %s"
"CSV","CSV"
"Cancel","Hủy bỏ"
"Cancel credit memo","Cancel credit memo"
"Cancel invoice","Hủy bỏ hóa đơn"
"Cancel order","Hủy bỏ đơn hàng"
"Canceled","Đã hủy"
"Canceled order offline.","Canceled order offline."
"Canceled order online.","hủy bỏ đơn hàng trực tuyến."
"Cannot add order history.","Không thể thêm lịch sử đơn hàng."
"Cannot create an empty shipment.","Không thể tạo giỏ hàng trống."
"Cannot determine the field name.","Không thể xác định trường tên."
"Cannot do invoice for order.","Không thể làm hóa đơn đặt hàng."
"Cannot do shipment for order.","Cannot do shipment for order."
"Cannot get order instance","Cannot get order instance"
"Cannot get the order instance.","Cannot get the order instance."
"Cannot register an existing credit memo.","Không thể đăng ký tín dụng."
"Cannot register existing invoice","Không thể đăng ký hóa đơn"
"Cannot register existing shipment","Không thể đăng ký vận chuyển"
"Capture","Capture"
"Capture Amount","Capture Amount"
"Capture Offline","Capture Offline"
"Capture Online","Capture Online"
"Capture invoice","Capture invoice"
"Captured amount of %s online.","Số lượng nắm giữ %s trực tuyến."
"Capturing amount of %s is pending approval on gateway.","Capturing amount of %s is pending approval on gateway."
"Carrier","Vận chuyển"
"Carrier/Method","Vận chuyển/Phương thức"
"Change status, add comments","Chuyển đổi trạng thái, thêm nhận xét"
"Changing address information will not recalculate shipping, tax or other order amount.","Thay đổi thông tin địa chỉ sẽ không tính toán lại vận chuyển, thuế hoặc số lượng đơn đặt hàng khác."
"Checkout Totals Sort Order","Tổng cộng thanh toán theo thứ tự"
"City","Thành phố"
"Clear Shopping Cart","Xóa giỏ hàng"
"Click to change shipping method","Nhấn vào đây để thay đổi phương thức vận chuyển"
"Close","Đóng"
"Closed","Đã đóng"
"Comma-separated.","Dấu phẩy."
"Comment","Nhận xét"
"Comment Text","Nhận xét"
"Comments","Các nhận xét"
"Comments History","Lịch sử nhận xét"
"Company","Công ty"
"Complete","Hoàn thành"
"Configure","Cấu hình"
"Configure and Add to Order","Cấu hình và thêm vào đơn hàng"
"Contents","Nội dung"
"Continue","Tiếp"
"Country","Đất nước"
"Coupons","Mã giảm giá"
"Create","Tạo"
"Create New Customer","Tạo khách hàng mới"
"Create New Order","Tạo đơn hàng mới"
"Create New Order Status","Tạo trạng thái đơn hàng mới"
"Create New Order for %s","Tạo đơn hàng mới để %s"
"Create New Order for %s in %s","Tạo đơn hàng mới để %s trong %s"
"Create New Order for New Customer","Tạo đơn hàng mới cho khách hàng mới"
"Create New Order for New Customer in %s","Tạo đơn hàng mới cho khách hàng mới trong %s"
"Create New Status","Tạo trạng thái mới"
"Create Packages","Tạo gói"
"Create Shipment","Tạo shipment"
"Create Shipping Label","Create Shipping Label"
"Create Shipping Label...","Create Shipping Label..."
"Create new credit memo for order","Tạo bản ghi nhớ tín dụng mới"
"Create new invoice for order","Tạo hóa đơn mới để đặt hàng"
"Create new shipment for order","Create new shipment for order"
"Create...","Tạo..."
"Created At","Tạo tại"
"Created billing agreement #%s.","Đã tạo thỏa thuận thanh toán #%s."
"Created:","Đã tạo:"
"Credit Memo","Ghi nhớ tín dụng"
"Credit Memo #","Ghi nhớ tín dụng #"
"Credit Memo # ","Ghi nhớ tín dụng # "
"Credit Memo #%1$s | %3$s | %2$s (%4$s)","Ghi nhớ tín dụng #%1$s | %3$s | %2$s (%4$s)"
"Credit Memo Comment Email Sender","Credit Memo Comment Email Sender"
"Credit Memo Comment Email Template","Credit Memo Comment Email Template"
"Credit Memo Comment Email Template for Guest","Credit Memo Comment Email Template for Guest"
"Credit Memo Comments","Những nhận xét ghi nhớ tín dụng"
"Credit Memo Email Sender","Người gửi email thông báo ghi nhớ tín dụng"
"Credit Memo Email Template","Mẫu email thông báo ghi nhớ tín dụng"
"Credit Memo Email Template for Guest","Credit Memo Email Template for Guest"
"Credit Memo Update","Credit Memo Update"
"Credit Memo Update for Guest","Credit Memo Update for Guest"
"Credit Memos","Bản ghi nhớ tín dụng"
"Credit memo canceling problem.","Credit memo canceling problem."
"Credit memo cannot be canceled.","Ghi nhớ tín dụng không thể hủy bỏ."
"Credit memo has been created automatically","Ghi nhớ tín dụng đã được tạo tự động"
"Creditmemo","Ghi nhớ tín dụng"
"Custom Price","Chỉnh giá"
"Custom Value","Chỉnh giá trị"
"Customer","Khách hàng"
"Customer Can Define Start Date","Khách hàng định ngày bắt đầu"
"Customer Email","Email khách hàng"
"Customer Group","Nhóm khách hàng"
"Customer Last Name","Họ khách hàng"
"Customer My Account Order Creditmemo View","Xem tài khoản ghi nhớ tín dụng của khách hàng đặt hàng "
"Customer My Account Order History","Lịch sử đặt hàng của tài khoản khách hàng"
"Customer My Account Order Invoice View","Xem hóa đơn đặt hàng của tài khoản khách hàng"
"Customer My Account Order Shipment View","Customer My Account Order Shipment View"
"Customer My Account Order View","Xem đơn hàng của tài khoản khách hàng"
"Customer Name","Tên khách hàng"
"Customer\'s Current Activities","Hoạt động hiện thời của khách hàng"
"Customs Value","Customs Value"
"Date","Ngày"
"Date Shipped","Ngày chuyển đi"
"Default Status","trạng thái mặc định"
"Default Template","Mẫu mặc định"
"Default logo, will be used in PDF and HTML documents.<br />(jpeg, tiff, png)","Logo mặc định, sẽ được sử dụng trong tài liệu PDF và HTML.<br />(jpeg, tiff, png)"
"Delete","Xóa"
"Delete Package","Xóa gói hàng"
"Denied the payment online.","Từ chối thanh toán trực tuyến."
"Deny Payment","Từ chối thanh toán"
"Description Message","Mô tả thông điệp"
"Discount","Giảm giá"
"Discount (%s)","Giảm giá (%s)"
"Discount Amount","Số tiền giảm giá"
"Display Order ID in Header","Display Order ID in Header"
"Edit","Sửa"
"Edit Order","Sửa đơn hàng"
"Edit Order #%s","Sửa đơn hàng #%s"
"Edit Order %s %s Address","Sửa đơn hàng %s %s Địa chỉ"
"Edit Order Status","Sửa trạng thái đơn hàng"
"Email","Email"
"Email Address","Địa chỉ Email"
"Email Copy of Credit Memo","Email bản sao ghi nhớ tín dụng"
"Email Copy of Invoice","Email bản sao hóa đơn"
"Email Copy of Shipment","Email Copy of Shipment"
"Email Order Confirmation","Email xác nhận đơn hàng"
"Enable","Bật"
"Enabled","Đã bật"
"Enter the billing last name and email/ZIP as in the order billing address","Enter the billing last name and email/ZIP as in the order billing address"
"Entered data is incorrect. Please try again.","Dữ liệu nhập là sai. Xin vui lòng thử lại."
"Error to Show in Shopping Cart","Lỗi đưa vào giỏ hàng"
"Excel XML","Excel XML"
"Excl. Tax","Excl. Thuế"
"Expired","Hết hạn"
"Explanation","Giải thích"
"Failed to cancel the billing agreement.","Hủy bỏ thỏa thuận thanh toán thất bại."
"Failed to create billing agreement for this order.","Tạo thỏa thuận thanh toán cho đơn hàng thất bại."
"Failed to finish billing agreement wizard.","Failed to finish billing agreement wizard."
"Failed to send the order email.","Gửi email đặt hàng thất bại."
"Failed to start billing agreement wizard.","Failed to start billing agreement wizard."
"Failed to update the payment.","Cập nhật thanh toán thất bại."
"Failed to update the profile.","Cập nhật hồ sơ thất bại."
"Failed to void the payment.","Failed to void the payment."
"Fetch","Fetch"
"File extension not known or unsupported type in the following shipment: %s","File extension not known or unsupported type in the following shipment: %s"
"Find Order By:","Tìm kiếm đơn hàng bởi:"
"First Name","Tên"
"From","Từ"
"From Name","Từ tên"
"From:","Từ:"
"G.T. (Base)","G.T. (Base)"
"G.T. (Purchased)","G.T. (Mua)"
"General Information","General Information"
"Get Payment Update","Cập nhật thanh toán"
"Get Update","Được cập nhật"
"Get shipping methods and rates","Sét phương thức vận chuyển và thuế"
"Gift Message","Gift Message"
"Gift Message for This Order","Thông điệp cho đơn hàng"
"Gift Message for the Entire Order","Gift Message for the Entire Order"
"Gift Message for this Order","Thông điệp cho đơn hàng"
"Gift Options","Tùy chọn quà tặng"
"Girth","Girth"
"Grand Total","Tổng cộng"
"Grand Total to be Charged","Tổng cộng được tính"
"Guest","Khách hàng"
"Height","Độ cao"
"Hold","Nắm giữ"
"Hold action is not available.","Hold action is not available."
"Hold order","Giữ đơn hàng"
"ID","ID"
"ID #","ID #"
"IPN ""Refunded"". Refund issued by merchant. Registered notification about refunded amount of %s. Transaction ID: ""%s""","IPN ""Hoàn tiền"". Refund issued by merchant. Registered notification about refunded amount of %s. Transaction ID: ""%s"""
"If empty, the default description above will be used.","If empty, the default description above will be used."
"If empty, the default error above will be used.","If empty, the default error above will be used."
"If the invoice was created offline, try creating an offline creditmemo.","If the invoice was created offline, try creating an offline creditmemo."
"Incl. Tax","Incl. Thuế"
"Information","Thông tin"
"Initial Fee","Khoản phí ban đầu"
"Initial Fees","Các khoản phí ban đầu"
"Initial period payment","Thanh toán ban đầu"
"Insufficient information to create shipping label(s). Please verify your Store Information and Shipping Settings.","Insufficient information to create shipping label(s). Please verify your Store Information and Shipping Settings."
"Invalid block: %s.","Lỗi vô hiệu hóa: %s."
"Invalid carrier specified.","Invalid carrier specified."
"Invalid draw line data. Please define ""lines"" array.","Invalid draw line data. Please define ""lines"" array."
"Invalid entity model","Invalid entity model"
"Invalid item option format.","Invalid item option format."
"Invalid qty to invoice item ""%s""","Invalid qty to invoice item ""%s"""
"Invalid qty to refund item ""%s""","Invalid qty to refund item ""%s"""
"Invalid qty to ship for item ""%s""","Invalid qty to ship for item ""%s"""
"Invalid renderer model","Invalid renderer model"
"Invalid request for adding product to quote.","Invalid request for adding product to quote."
"Invoice","Hóa đơn"
"Invoice #","Hóa đơn #"
"Invoice # ","Hóa đơn # "
"Invoice #%1$s | %2$s | %4$s (%3$s)","Hóa đơn #%1$s | %2$s | %4$s (%3$s)"
"Invoice #%s","Hóa đơn #%s"
"Invoice Comment Email Sender","người gửi email bình luận hóa đơn"
"Invoice Comment Email Template","Mẫu email bình luận hóa đơn"
"Invoice Comment Email Template for Guest","mẫu email bình luận hóa đơn cho khách hàng"
"Invoice Comments","Nhận xét Hóa đơn"
"Invoice Date","Ngày"
"Invoice Email Sender","Người gửi email hóa đơn"
"Invoice Email Template","Mẫu email hóa đơn"
"Invoice Email Template for Guest","Mẫu email hóa đơn cho khách hàng"
"Invoice Update","Nâng cấp hóa đơn"
"Invoice Update for Guest","Nâng cấp hóa đơn khách hàng"
"Invoice and Packing Slip Design","Invoice and Packing Slip Design"
"Invoice and Ship","Invoice and Ship"
"Invoice canceling problem.","Hủy bỏ hóa đơn có vấn đề."
"Invoice cannot be canceled.","Hủy bỏ hóa đơn không thể hủy bỏ."
"Invoice cannot be captured.","Invoice cannot be captured."
"Invoice cannot be voided.","Invoice cannot be voided."
"Invoice capturing problem.","Hóa đơn có vấn đề."
"Invoice void problem","Invoice void problem"
"Invoice will be created without communication with payment gateway.","Invoice will be created without communication with payment gateway."
"Invoiced","Hóa đơn"
"Invoices","Các hóa đơn"
"Is Closed","Đóng"
"Item","Sản phẩm"
"Item Status","Trạng thái sản phẩm"
"Item object is not specified.","Sản phẩm không rõ ràng."
"Item options declaration error.","Lỗi chọn sản phẩm."
"Item ordered qty","Số lượng sản phẩm đặt hàng"
"Item qty declaration error.","Lỗi lựa chọn số lượng sản phẩm."
"Items","Các sản phẩm"
"Items Invoiced","Các hóa đơn"
"Items Ordered","Sản phẩm trong đơn hàng"
"Items Refunded","Hoàn trả sản phẩm"
"Items Shipped","Vận chuyển sản phẩm"
"Items in the Package","Items in the Package"
"Items maximum quantity or price do not allow checkout.","Số lượng sản phẩm trong kho không đủ để bạn thanh toán, Mời bạn chọn lại số lượng cần mua."
"Items options declaration error.","Lỗi chọn các sản phẩm."
"Items to Refund","Các sản phẩm hoàn trả"
"Items to Ship","Sản phẩm để vận chuyển"
"Key","Key"
"Last Name","Tên"
"Last Ordered Items","Các sản phẩm đặt hàng cuối cùng"
"Last status can\'t be unassigned from state.","Last status can\'t be unassigned from state."
"Length","Length"
"Link to the New Order","Chuyển đến đặt hàng mới"
"Link to the Previous Order","Chuyển đến đặt hàng trước đó"
"Logo for HTML Print View","Logo for HTML Print View"
"Logo for HTML documents only. If empty, default will be used.<br />(jpeg, gif, png)","Logo for HTML documents only. If empty, default will be used.<br />(jpeg, gif, png)"
"Logo for PDF Print-outs (200x50)","Logo for PDF Print-outs (200x50)"
"Make Check payable to:","Make Check payable to:"
"Manage","Quản trị"
"Maximum amount available to refund is %s","Số lượng tối đa hoàn trả %s"
"Maximum shipping amount allowed to refund is: %s","Maximum shipping amount allowed to refund is: %s"
"Message","Lời nhắn"
"Message:","Lời nhắn:"
"Minimum Amount","Số lượng tối thiểu"
"Minimum Order Amount","Số lượng đặt hàng tối thiểu"
"Mixed","Trộn"
"Most Viewed","Xem nhiều nhất"
"Most Viewed Products Report","Báo cáo những sản phẩm xem nhiều nhất"
"Move to Shopping Cart","Chuyển vào giỏ hàng"
"Move to Wishlist","Chuyển vào mục ưa thích"
"Multi-address Description Message","Multi-address Description Message"
"Multi-address Error to Show in Shopping Cart","Multi-address Error to Show in Shopping Cart"
"My Orders","Đơn hàng của tôi"
"My Orders - Details","Đơn hàng của tôi - Chi tiết"
"N/A","N/A"
"Name","Tên"
"New","Mới"
"New Billing Agreement","Chấp nhận thanh toán mới"
"New Credit Memo","Ghi nhớ tín dụng mới"
"New Credit Memo for Guest","Ghi nhớ tín dụng mới cho khách hàng"
"New Credit Memo for Invoice #%s","Ghi nhớ tín dụng mới cho hóa đơn #%s"
"New Credit Memo for Order #%s","Ghi nhớ tín dụng mới cho đặt hàng #%s"
"New Invoice","Hóa đơn mới"
"New Invoice and Shipment for Order #%s","New Invoice and Shipment for Order #%s"
"New Invoice for Guest","Hóa đơn mới của khách hàng"
"New Invoice for Order #%s","Hóa đơn mới của đơn hàng #%s"
"New Order","Đơn hàng mới"
"New Order Confirmation Email Sender","Email người gửi xác nhận đơn hàng mới"
"New Order Confirmation Template","Mẫu xác nhận đơn hàng mới"
"New Order Confirmation Template for Guest","Mẫu xác nhận đơn hàng mới của khách hàng"
"New Order RSS","Đơn hàng mới RSS"
"New Order Status","Trạng thái đơn hàng mới"
"New Order for Guest","Đơn hàng mới của khách hàng"
"New Shipment","New Shipment"
"New Shipment for Guest","New Shipment for Guest"
"New Shipment for Order #%s","New Shipment for Order #%s"
"Newsletter Subscription","Newsletter Subscription"
"No","Không"
"No Items","Không có sản phẩm nào"
"No Items To Refund","Không có sản phẩm nào hoàn trả"
"No Payment Methods","No Payment Methods"
"No detail for number ""%s""","No detail for number ""%s"""
"No information available.","Thông tin không có sẵn."
"No items","Không có sản phẩm nào"
"No order(s) were put on hold.","No order(s) were put on hold."
"No order(s) were released from holding status.","No order(s) were released from holding status."
"No ordered items","Không có sản phẩm trong đơn hàng"
"No shipping information available","Thông tin vận chuyển không có sẵn"
"Nominal Items","Sản phẩm đại diện"
"Nominal item can be purchased standalone only. To proceed please remove other items from the quote.","Nominal item can be purchased standalone only. To proceed please remove other items from the quote."
"Nominal order registered.","Nominal order registered."
"Not Capture","Not Capture"
"Not Initialized","Not Initialized"
"Not Notified","Không thông báo"
"Not enough valid data to save the parent transaction ID.","Không đủ dữ liệu hợp lệ để lưu giao dịch."
"Notification Not Applicable","Notification Not Applicable"
"Notified","Thông báo"
"Notify Customer by Email","Thông báo cho khách hàng bằng Mail"
"Number","Số"
"Number of Invoiced Orders","Số lượng đơn hàng được lập hóa đơn"
"Number of Orders","Số lượng đơn hàng"
"Number of Refunded Orders","Số lượng đơn hàng hoàn trả"
"OK","Đồng ý"
"Offline Refunded","Trả lại Offline"
"On Hold","Giữ"
"Online Refunded","Trả lại Online"
"Order","Đơn hàng"
"Order #","Đơn hàng #"
"Order # ","Đơn hàng # "
"Order # %s","Đơn hàng # %s"
"Order # %s %s | %s","Đơn hàng # %s %s | %s"
"Order #%s","Đơn hàng #%s"
"Order #%s - %s","Đơn hàng #%s - %s"
"Order API","Đơn hàng API"
"Order Address Information","Thông tin địa chỉ đơn hàng"
"Order Comment","Nhận xét đơn hàng"
"Order Comment Email Sender","Gửi Email nhận xét đơn hàng"
"Order Comment Email Template","Order Comment Email Template"
"Order Comment Email Template for Guest","Order Comment Email Template for Guest"
"Order Comments","Những nhận xét đơn hàng"
"Order Credit Memos","Order Credit Memos"
"Order Currency:","Tiền tệ đơn hàng:"
"Order Date","Ngày đơn hàng"
"Order Date (%s)","Ngày đơn hàng (%s)"
"Order Date: ","Ngày đơn hàng: "
"Order Date: %s","Ngày đơn hàng: %s"
"Order Details","Chi tiết đơn hàng"
"Order Grand Total","Tổng đơn hàng"
"Order History","Lịch sử đơn hàng"
"Order History Info","Thông tin lịch sử đơn hàng"
"Order ID","ID đơn hàng"
"Order Information","Thông tin đơn hàng"
"Order Invoices","Hóa đơn đặt hàng"
"Order Shipments","Vận chuyển đơn hàng"
    "Order State","Tình trạng đơn hàng"
"Order Status","Trạng thái đơn hàng"
"Order Status Information","Thông tin trạng trái đơn hàng"
"Order Statuses","Các trạng thái đơn hàng"
"Order Subtotal","Tổng đơn hàng"
"Order Taxes Report Grouped by Tax Rates","Order Taxes Report Grouped by Tax Rates"
"Order Total","Tổng đơn hàng"
"Order Totals","Tổng các đơn hàng"
"Order Update","Cập nhật đơn hàng"
"Order Update for Guest","Order Update for Guest"
"Order View","Xem đơn hàng"
"Order credit memo","Order credit memo"
"Order does not allow to be canceled.","Order does not allow to be canceled."
"Order invoice","Hóa đơn đơn hàng"
"Order is suspended as its capture amount %s is suspected to be fraudulent.","Order is suspended as its capture amount %s is suspected to be fraudulent."
"Order object is not specified.","Order object is not specified."
"Order saving error: %s","Lưu đơn hàng lỗi: %s"
"Order shipments","Vận chuyển đơn hàng"
"Order status does not exist.","Tình trạng hóa đơn không tồn tại."
"Order status with the same status code already exist.","Order status with the same status code already exist."
"Order was placed using %s","Hóa đơn đặt hàng sử dụng %s"
"Ordered","Ordered"
"Ordered amount of %s.","Số lượng đặt hàng %s."
"Ordering amount of %s is pending approval on gateway.","Ordering amount of %s is pending approval on gateway."
"Orders","Các đơn đặt hàng"
"Orders and Returns","Orders and Returns"
"Orders and Returns Search Form","Orders and Returns Search Form"
"Original Price","Giá ban đầu"
"Original order item that recurring payment profile correspondss to.","Original order item that recurring payment profile correspondss to."
"PDF Credit Memos","PDF Credit Memos"
"PDF Invoices","Hóa đơn PDF"
"PDF Packingslips","PDF Packingslips"
"PDF Print-outs","PDF Print-outs"
"PDF object is not specified.","PDF object is not specified."
"PDF page object is not specified.","PDF page object is not specified."
"PDF total model should extend Mage_Sales_Model_Order_Pdf_Total_Default","PDF total model should extend Mage_Sales_Model_Order_Pdf_Total_Default"
"Package","Gói"
"Package types are disregarded for USPS domestic shipments.","Package types are disregarded for USPS domestic shipments."
"Packages","Các gói"
"Packingslip # ","Đóng gói # "
"Paid","Thanh toán"
"Paid Amount","Số lượng thanh toán"
"Parent Transaction ID","Parent Transaction ID"
"Parent transaction ID must have a transaction ID.","Parent transaction ID must have a transaction ID."
"Partial","Từng phần"
"Payment Failed","Thanh toán thất bại"
"Payment Information","Thông tin thanh toán"
"Payment Method","Phương thức thanh toán"
"Payment Method Name","Tên phương thức thanh toán"
"Payment Method:","Phương thức thanh toán:"
"Payment Review","Xem thanh toán"
"Payment disallow storing objects.","Không cho phép thanh toán hàng tích trữ."
"Payment transactions disallow storing objects.","Payment transactions disallow storing objects."
"Payment type","Kiểu thanh toán"
"Payment update has been made.","Cập nhật thanh toán đã được thực hiện."
"Pending","Đang chờ"
"Pending Payment","Chờ thanh toán"
"Period","Thời hạn"
"Place Order Using Billing Agreements","Quy định sử dụng thanh toán đặt hàng"
"Placed from IP","Đặt từ IP"
"Please Select Products to Add","Vui lòng chọn sản phẩm để thêm"
"Please Select a Customer","Hãy chọn một khách hàng"
"Please Select a Store","Hãy chọn một cửa hàng"
"Please check billing address information. %s","Vui lòng kiểm tra thông tin địa chỉ thanh toán. %s"
"Please check shipping address information. %s","Vui lòng kiểm tra thông tin địa chỉ giao hàng. %s"
"Please define PDF object before using.","Xin vui lòng xác định đối tượng PDF trước khi sử dụng."
"Please enter positive number in this field.","Vui lòng nhập số tích cực trong lĩnh vực này."
"Please select a valid payment method.","Vui lòng chọn phương thức thanh toán hợp lệ."
"Please specify a shipping method.","Vui lòng chỉ ra một phương pháp vận chuyển."
"Please specify a valid grid column alias name that exists in grid table.","Please specify a valid grid column alias name that exists in grid table."
"Price","Giá"
"Print","In ra"
"Print All","In tất cả"
"Print All Invoices","In tất cả hóa đơn"
"Print All Refunds","Print All Refunds"
"Print All Shipments","In tất cả lô hàng"
"Print Credit Memos","In bản tín dụng"
"Print Invoice","In hóa đơn"
"Print Invoices","In các hóa đơn"
"Print Order","In đơn hàng"
"Print Order # %s","In đơn hàng # %s"
"Print Packingslips","In phiếu bao bì"
"Print Refund","In trả lại"
"Print Shipment","In lô hàng"
"Print Shipping Label","In nhãn vận chuyển"
"Print Shipping Labels","In các nhãn vận chuyển"
"Processing","Đang xử lý"
"Product","Sản phẩm"
"Product Name","Tên sản phẩm"
"Products","Các sản phẩm"
"Products Bestsellers Report","Báo cáo sản phẩm bán chạy nhất"
"Products in Comparison List","Các sản phẩm trong danh sách so sánh"
"Products should be added to package(s)","Gói sản phẩm nên thêm vào(s)"
"Profile #%s","Hồ sơ #%s"
"Profile Information","Thông tin hồ sơ"
"Profile State","Tình trạng hồ sơ"
"Profit","Lợi ích"
"Promotion Coupons Usage Report"," Báo cáo phiếu giảm giá khuyến mãi sử dụng"
"Proper payment object must be set.","Đối tượng thanh toán thích hợp phải được thiết lập."
"Purchase Order Number:","Số hóa đơn mua:"
"Purchased From","Mua từ"
"Purchased From (Store)","Mua từ (Cửa hàng)"
"Purchased Item","Mục mua"
"Purchased On","Thời gian"
"Qty","Số lượng"
"Qty Invoiced","Số lượng hóa đơn"
"Qty Ordered","Số lượng đơn hàng"
"Qty Shipped","Số lượng đã vận chuyển"
"Qty To Add","Thêm số lượng"
"Qty to Add","Thêm số lượng"
"Qty to Invoice","Số lượng đặt hàng"
"Qty to Refund","Số lượng trả lại"
"Qty to Ship","Số lượng chuyển"
"Quantity Ordered","Số lượng đơn hàng"
"Quote item id is not received.","Trích dẫn mục id không nhận được."
"Quote item is not loaded.","Mục trích dẫn không tải được."
"Rate","Đánh giá"
"Recent Orders","Đơn đặt hàng gần đây"
"Recently Compared Products","Sản phẩm so sách gần đây"
"Recently Viewed","Đã được xem gần đây"
"Recently Viewed Products","Sản phẩm đã được xem gần đây"
"Recurring Profile # %s","Hồ sơ định kì # %s"
"Recurring Profile Initial Fee","Phí ban đầu hồ sơ định kì"
"Recurring Profiles","Hồ sơ định kì"
"Recurring Profiles (beta)","Hồ sơ định kì (beta)"
"Reference ID","ID liên quan"
"Reference ID:","ID liên quan:"
"Refresh","Làm mới"
"Refund","Hoàn lại"
"Refund #","Hoàn lại #"
"Refund #%s","Hoàn lại #%s"
"Refund Amount","Số lượng hoàn lại"
"Refund Offline","Hoàn lại Offline"
"Refund Shipping","Hoàn lại vận chuyển"
"Refund Shipping (Excl. Tax)","Hoàn lại vận chuyển (Excl. Tax)"
"Refund Shipping (Incl. Tax)","Hoàn lại vận chuyển (Incl. Tax)"
"Refund Totals","Tổng hoàn lại"
"Refunded","Đã hoàn lại"
"Refunded amount of %s offline.","Số lượng đã hoàn lại của %s offline."
"Refunded amount of %s online.","số lượng đã hoàn lại của %s online."
"Refunds","Hoàn lại tiền"
"Registered a Void notification.","Đã đăng kí vô hiệu hóa một thông báo."
"Registered notification about approved payment.","Registered notification about approved payment."
"Registered notification about captured amount of %s.","Registered notification about captured amount of %s."
"Registered notification about denied payment.","Registered notification about denied payment."
"Registered notification about refunded amount of %s.","Registered notification about refunded amount of %s."
"Registered update about approved payment.","Registered update about approved payment."
"Registered update about denied payment.","Registered update about denied payment."
"Regular Payment","Việc thanh toán thường xuyên"
"Related Orders","Đơn đặt hàng liên quan"
"Remove","Hủy bỏ"
"Remove Coupon Code","Hủy bỏ mã phiếu"
"Remove tracking number","Hủy bỏ số theo dõi"
"Reorder","sắp xếp lại"
"Retrieve credit memo info","Lấy thông tin ghi nhớ tín dụng"
"Retrieve credit memo information","Lấy thông tin ghi nhớ tín dụng"
"Retrieve credit memo list","Lấy danh sách bản ghi nhớ tín dụng"
"Retrieve invoice info","Lấy thông tin hóa đơn"
"Retrieve invoice information","Lấy thông tin hóa đơn"
"Retrieve list of credit memos by filters","Lấy danh sách các bản ghi nhớ tín dụng bởi các bộ lọc"
"Retrieve list of invoices by filters","Retrieve list of invoices by filters"
"Retrieve list of orders by filters","Retrieve list of orders by filters"
"Retrieve list of shipments by filters","Retrieve list of shipments by filters"
"Retrieve order information","Lấy thông tin đơn hàng"
"Retrieve orders info","Lấy thông tin các đơn hàng"
"Retrieve shipment info","Lấy thông tin vận chuyển"
"Retrieve shipment information","Retrieve shipment information"
"Return to Stock","Trở về kho"
"Returned","Đã trở về"
"Returns","Trả lại"
"Revenue","Doanh thu"
"Row Subtotal","Tổng hàng"
"Row Total","Tổng hàng"
"SHIP TO:","CHUYỂN ĐẾN:"
"SKU","MÃ HÀNG"
"SOLD TO:","SOLD TO:"
"Sales","Bán hàng"
"Sales Discount","Chiết khấu Giám giá"
"Sales Emails","Mail giảm giá"
"Sales Emails Section","Sales Emails Section"
"Sales Invoice Print View","Sales Invoice Print View"
"Sales Items","Mục giản giá"
"Sales Order Print View","Sales Order Print View"
"Sales Section","Sales Section"
"Sales Shipment Print View","Sales Shipment Print View"
"Sales Shipping","Sales Shipping"
"Sales Tax","Sales Tax"
"Sales Total","Sales Total"
"Same As Billing Address","Sét địa chỉ vận chuyển như địa chỉ nhận hàng"
"Save Order Address","Save Order Address"
"Save Status","Save Status"
"Save Status Assignment","Save Status Assignment"
"Save in address book","Save in address book"
"Schedule","Schedule"
"Select","Lựa chọn"
"Select All","Chọn tất cả"
"Select from existing customer addresses:","Chọn địa chỉ khách hàng:"
"Send Credit Memo Comment Email Copy To","Send Credit Memo Comment Email Copy To"
"Send Credit Memo Comments Email Copy Method","Send Credit Memo Comments Email Copy Method"
"Send Credit Memo Email Copy Method","Send Credit Memo Email Copy Method"
"Send Credit Memo Email Copy To","Send Credit Memo Email Copy To"
"Send Email","Send Email"
"Send Invoice Comment Email Copy To","Send Invoice Comment Email Copy To"
"Send Invoice Comments Email Copy Method","Send Invoice Comments Email Copy Method"
"Send Invoice Email Copy Method","Send Invoice Email Copy Method"
"Send Invoice Email Copy To","Send Invoice Email Copy To"
"Send Order Comment Email Copy To","Send Order Comment Email Copy To"
"Send Order Comments Email Copy Method","Send Order Comments Email Copy Method"
"Send Order Email","Send Order Email"
"Send Order Email Copy Method","Send Order Email Copy Method"
"Send Order Email Copy To","Send Order Email Copy To"
"Send Sales Emails","Send Sales Emails"
"Send Shipment Comment Email Copy To","Send Shipment Comment Email Copy To"
"Send Shipment Comments Email Copy Method","Send Shipment Comments Email Copy Method"
"Send Shipment Email Copy Method","Send Shipment Email Copy Method"
"Send Shipment Email Copy To","Send Shipment Email Copy To"
"Send Tracking Information","Send Tracking Information"
"Set order for existing transactions not allowed","Set order for existing transactions not allowed"
"Ship","Vận chuyển"
"Ship To","Vận chuyển đến"
"Ship to Name","Tên vận chuyển"
"Shipment","Hàng hóa"
"Shipment #","Hàng hóa #"
"Shipment #%1$s | %3$s (%2$s)","Hàng hóa #%1$s | %3$s (%2$s)"
"Shipment #%s","Hàng hóa #%s"
"Shipment Comment Email Sender","Shipment Comment Email Sender"
"Shipment Comment Email Template","Shipment Comment Email Template"
"Shipment Comment Email Template for Guest","Shipment Comment Email Template for Guest"
"Shipment Comments","Các nhận xét vận chuyển"
"Shipment Email Sender","Shipment Email Sender"
"Shipment Email Template","Shipment Email Template"
"Shipment Email Template for Guest","Shipment Email Template for Guest"
"Shipment Update","Cập nhật hàng hóa"
"Shipment Update for Guest","Cập nhật hàng hóa cho khách"
"Shipments","Hàng hóa"
"Shipped","Vận chuyển"
"Shipped By","Vận chuyển bởi"
"Shipping","Vận chuyển"
"Shipping & Handling","Phí vận chuyển"
"Shipping &amp; Handling","Vận chuyển &amp; Xử lý"
"Shipping &amp; Handling Information","Phí vận chuyển"
"Shipping Address","Địa chỉ vận chuyển"
"Shipping Amount","Số lượng vận chuyển"
"Shipping Information","Thông tin vận chuyển"
"Shipping Method","Phương thức vận chuyển"
"Shipping Method:","Phương thức vận chuyển:"
"Shipping Refund","Trả vận chuyển"
"Shipping and Tracking Information","Shipping and Tracking Information"
"Shopping Cart","Giỏ hàng"
"Show Packages","Gói hiển thị"
"Signature Confirmation","Signature Confirmation"
"Signed Up From","Đăng kí từ"
"Size","Cỡ"
"Sku","Mã hàng"
"Some of the products below do not have all the required options. Please edit them and configure all the required options.","Some of the products below do not have all the required options. Please edit them and configure all the required options."
"Sorry, no quotes are available for this order at this time.","Sorry, no quotes are available for this order at this time."
"Source object is not specified.","Source object is not specified."
"Specified profile does not exist.","Specified profile does not exist."
"State Code [State Title]","State Code [State Title]"
"State/Province","State/Province"
"Status","Status"
"Status Code","Mã trạng thái"
"Status Label","Nhãn trạng thái"
"Status:","Trạng thái:"
"Store Credit","Store Credit"
"Store View Specific Labels","Store View Specific Labels"
"Street Address","Street Address"
"Submit Comment","Submit Comment"
"Submit Credit Memo","Submit Credit Memo"
"Submit Invoice","Submit Invoice"
"Submit Invoice and Shipment","Submit Invoice and Shipment"
"Submit Order","Lưu đơn hàng"
"Submit Shipment","Lưu vận chuyển"
"Subscribe to Newsletter","Subscribe to Newsletter"
"Subscribe to Order Status","Subscribe to Order Status"
"Subtotal","Tổng"
"Subtotal after discount.","Subtotal after discount."
"Subtotal:","Tổng:"
"Suspected Fraud","Vi phạm"
"Suspend","Suspend"
"Suspended","Suspended"
"Tax","Thuế"
"Tax Amount","Tiền thuế"
"Tax Percent","Tỷ lệ thuế"
"Telephone","Điện thoại"
"The Order State ""%s"" must not be set manually.","The Order State ""%s"" must not be set manually."
"The address total model should be extended from Mage_Sales_Model_Quote_Address_Total_Abstract.","The address total model should be extended from Mage_Sales_Model_Quote_Address_Total_Abstract."
"The billing agreement ""%s"" has been canceled.","The billing agreement ""%s"" has been canceled."
"The billing agreement ""%s"" has been created.","The billing agreement ""%s"" has been created."
"The coupon code has been accepted.","The coupon code has been accepted."
"The message has been sent.","The message has been sent."
"The message was sent.","The message was sent."
"The order address has been updated.","The order address has been updated."
"The order email has been sent.","Mail đơn hàng đã được gửi đi."
"The order has been cancelled.","Đơn hàng đã được hủy."
"The order has been created.","Đơn hàng đã được tạo mới."
"The order has been put on hold.","The order has been put on hold."
"The order has been released from holding status.","The order has been released from holding status."
"The order has not been cancelled.","The order has not been cancelled."
"The order status has been assigned.","The order status has been assigned."
"The order status has been saved.","The order status has been saved."
"The order status has been unassigned.","The order status has been unassigned."
"The order was not put on hold.","The order was not put on hold."
"The order was not unheld.","The order was not unheld."
"The order was placed using %s","Đơn hàng được sử dụng %s"
"The order(s) cannot be canceled","The order(s) cannot be canceled"
"The payment has been accepted.","The payment has been accepted."
"The payment has been denied.","The payment has been denied."
"The payment has been voided.","The payment has been voided."
"The profile has been updated.","The profile has been updated."
"The profile has no changes.","The profile has no changes."
"The profile state has been updated.","The profile state has been updated."
"The quantity you want to add exceeds the total shipped quantity for some of selected Product(s)","The quantity you want to add exceeds the total shipped quantity for some of selected Product(s)"
"The requested Payment Method is not available.","The requested Payment Method is not available."
"The shipping label has been created.","The shipping label has been created."
"The transaction ""%s"" (%s) is already closed.","The transaction ""%s"" (%s) is already closed."
"The transaction ""%s"" cannot be captured yet.","The transaction ""%s"" cannot be captured yet."
"The value that you entered is not valid.","The value that you entered is not valid."
"There are no billing agreements yet.","There are no billing agreements yet."
"There are no printable documents related to selected orders.","There are no printable documents related to selected orders."
"There are no shipping labels related to selected %s.","There are no shipping labels related to selected %s."
"There is no need to approve this payment.","There is no need to approve this payment."
"There is no need to deny this payment.","There is no need to deny this payment."
"There is no update for the payment.","There is no update for the payment."
"This message will be shown in shopping cart when subtotal after discount less than minimum amount.","This message will be shown in shopping cart when subtotal after discount less than minimum amount."
"This operation requires an existing transaction object.","This operation requires an existing transaction object."
"This order contains (%s) items and therefore cannot be edited through the admin interface at this time, if you wish to continue editing the (%s) items will be removed, the order will be canceled and a new order will be placed.","This order contains (%s) items and therefore cannot be edited through the admin interface at this time, if you wish to continue editing the (%s) items will be removed, the order will be canceled and a new order will be placed."
"This order no longer exists.","This order no longer exists."
"This product does not have any configurable options","This product does not have any configurable options"
"This profile state cannot be changed to ""%s"".","This profile state cannot be changed to ""%s""."
"This will create an offline refund. To create an online refund, open an invoice and create credit memo for it. Do you wish to proceed?","This will create an offline refund. To create an online refund, open an invoice and create credit memo for it. Do you wish to proceed?"
"Tier Pricing","Tier Pricing"
"Title","Tiêu đề"
"To","To"
"To Name","To Name"
"To:","To:"
"Total","Tổng"
"Total %d product(s)","Tổng %d sản phẩm(s)"
"Total (ex)","Tổng cộng (ex)"
"Total (inc)","Tổng cộng (inc)"
"Total Due","Total Due"
"Total Invoiced","Tổng hóa đơn"
"Total Invoiced Paid","Total Invoiced Paid"
"Total Invoiced VS Paid Report","Total Invoiced VS Paid Report"
"Total Invoiced not Paid","Total Invoiced not Paid"
"Total Ordered Report","Total Ordered Report"
"Total Paid","Total Paid"
"Total Qty","Tổng số lượng"
"Total Refund","Total Refund"
"Total Refunded","Total Refunded"
"Total Refunded Report","Total Refunded Report"
"Total Sales Shipping","Total Sales Shipping"
"Total Shipped Report","Total Shipped Report"
"Total Shipping","Tổng vận chuyển"
"Total Shipping Charges","Tổng phí vận chuyển"
"Total Tax","Tổng thuế"
"Total Weight","Tổng cân nặng"
"Track Order","Theo dõi đơn hàng"
"Track all shipment(s)","Track all shipment(s)"
"Track all shipments","Track all shipments"
"Track this shipment","Track this shipment"
"Track your order","Theo dõi đơn hàng của bạn"
"Tracking","Theo dõi"
"Tracking Number","Số theo dõi"
"Tracking Number(s):","Số theo dõi(s):"
"Transaction ""%s"" was already processed.","Transaction ""%s"" was already processed."
"Transaction # %s | %s","Giao dịch # %s | %s"
"Transaction ID","Giao dịch ID"
"Transaction ID must not be empty.","Transaction ID must not be empty."
"Transaction ID: ""%s"".","Transaction ID: ""%s""."
"Transaction Type","Transaction Type"
"Transactions","Transactions"
"Trial ","Trial "
"Trial Payment","Trial Payment"
"Trial Period","Trial Period"
"Trial period payment","Trial period payment"
"Type","Kiểu"
"Unassign","Bỏ chỉ định"
"Unhold","Không giữ"
"Unhold action is not available.","Unhold action is not available."
"Unhold order","Giữ đơn hàng"
"Unknown State","Unknown State"
"Unknown Status","Trạng thái không xác định"
"Unsupported transaction type ""%s"".","Unsupported transaction type ""%s""."
"Update Changes","Thay đổi cập nhật"
"Update Items and Qty\'s","Cập nhật sản phẩm và số lượng\'s"
"Update Qty\'s","Cập nhật số lượng\'s"
"Updated At","Updated At"
"Updated:","Cập nhật:"
"Use Aggregated Data (beta)","Use Aggregated Data (beta)"
"Use Order Status As Default","Use Order Status As Default"
"Validate Each Address Separately in Multi-address Checkout","Validate Each Address Separately in Multi-address Checkout"
"Value","Giá trị"
"View","Xem"
"View All","Xem hết"
"View Another Order","Xem đơn hàng khác"
"View Order","Xem đơn hàng"
"Visible on Frontend","Visible on Frontend"
"Void","Trống rỗng"
"Void invoice","Hóa đơn trống"
"Voided authorization.","Voided authorization."
"Website","Website"
"Weight","Nặng"
"Whether buyer can define the date when billing for the profile begins.","Whether buyer can define the date when billing for the profile begins."
"Width","Chiều rộng"
"Wishlist","Ưa thích"
"Wrong billing agreement ID specified.","Wrong billing agreement ID specified."
"Wrong quote item id to update configuration.","Wrong quote item id to update configuration."
"Wrong state: ""%s"".","Wrong state: ""%s""."
"Yes","Có"
"You can leave a box blank if you don\'t wish to add a gift message for whole order","You can leave a box blank if you don\'t wish to add a gift message for whole order"
"You have placed no orders.","Bạn chưa có giao dịch (đơn hàng) nào."
"You will be redirected to the payment system website.","You will be redirected to the payment system website."
"Your credit card will be charged for","Your credit card will be charged for"
"ZIP/Post Code","Mã quốc gia"
"Zip/Postal Code","Mã quốc gia"
"cm","cm"
"in","in"
"kg","kg"
"lb","lb"
"the credit memo email is not sent","the credit memo email is not sent"
"the credit memo email was sent","the credit memo email was sent"
"the invoice email is not sent","mail hóa đơn chưa được gửi"
"the invoice email was sent","mail hóa đơn đã được gửi"
"the order confirmation email is not sent","email xác nhận đơn đặt hàng không được gửi"
"the order confirmation email was sent","Đã gửi email xác nhận đơn hàng"
"the shipment email is not sent","Mail lô hàng chưa được gửi"
"the shipment email was sent","Mail lô hàng đã được gửi"
